experiment_name,scan_number,spectrum_id,precursor_mz,precursor_charge,prediction_id,predictions,log_probs,token_log_probs,instanovo_predictions,instanovo_prediction_log_probability,instanovo_prediction_token_log_probabilities,instanovo_predictions_beam_0,instanovo_predictions_log_probability_beam_0,instanovo_predictions_token_log_probabilities_beam_0,instanovo_predictions_beam_1,instanovo_predictions_log_probability_beam_1,instanovo_predictions_token_log_probabilities_beam_1,instanovo_predictions_beam_2,instanovo_predictions_log_probability_beam_2,instanovo_predictions_token_log_probabilities_beam_2,instanovo_predictions_beam_3,instanovo_predictions_log_probability_beam_3,instanovo_predictions_token_log_probabilities_beam_3,instanovo_predictions_beam_4,instanovo_predictions_log_probability_beam_4,instanovo_predictions_token_log_probabilities_beam_4,instanovoplus_predictions,instanovoplus_prediction_log_probability,instanovoplus_prediction_token_log_probabilities,instanovoplus_unrefined_predictions,group,predictions_tokenised,delta_mass_ppm
chunk_002,26702,chunk_002:26702,491.23166017334,2,26052,AAAAAAAAAAAR,-0.764039158821106,,"['A', 'A', 'A', 'A', 'A', 'A', 'A', 'A', 'A', 'A', 'A', 'R']",-10.933208465576172,"[-0.41551560163497925, -0.7985925078392029, -0.11862414330244064, -0.18558369576931, -0.37568628787994385, -0.5601879358291626, -0.20685270428657532, -0.7979875802993774, -1.388689637184143, -1.9709982872009277, -1.687635064125061, -0.2220762073993683]",AAAAAAAAAAAR,-10.933208465576172,"[-0.41551560163497925, -0.7985925078392029, -0.11862414330244064, -0.18558369576931, -0.37568628787994385, -0.5601879358291626, -0.20685270428657532, -0.7979875802993774, -1.388689637184143, -1.9709982872009277, -1.687635064125061, -0.2220762073993683]",KAAAAAAAAAR,-11.100768089294434,"[-2.8776941299438477, -0.11862414330244064, -0.18558369576931, -0.37568628787994385, -0.5601879358291626, -0.20685270428657532, -0.7979875802993774, -1.388689637184143, -1.9709982872009277, -1.687635064125061, -0.2220762073993683]",SAAAAAAAAAAR,-14.86935043334961,"[-3.623523473739624, -0.7985925078392029, -0.11862414330244064, -0.18558369576931, -0.37568628787994385, -0.5601879358291626, -0.20685270428657532, -0.7979875802993774, -1.388689637184143, -1.9709982872009277, -1.687635064125061, -0.2220762073993683]",GVAAAAAAAAAR,-14.901488304138184,"[-2.9020299911499023, -2.0993738174438477, -0.11862414330244064, -0.18558369576931, -0.37568628787994385, -0.5601879358291626, -0.20685270428657532, -0.7979875802993774, -1.388689637184143, -1.9709982872009277, -1.687635064125061, -0.2220762073993683]",GAAAAAAAAAAR,-16.46316909790039,"[-4.095447063446045, -0.7985925078392029, -0.11862414330244064, -0.18558369576931, -0.37568628787994385, -0.5601879358291626, -0.20685270428657532, -0.7979875802993774, -1.388689637184143, -1.9709982872009277, -1.687635064125061, -0.2220762073993683]","['A', 'A', 'A', 'A', 'A', 'A', 'A', 'A', 'A', 'A', 'A', 'R']",-0.764039158821106,,"['A', 'A', 'A', 'A', 'A', 'A', 'A', 'A', 'A', 'A', 'A', 'R']",no_group,"A, A, A, A, A, A, A, A, A, A, A, R",24352.51561171524
chunk_003,30299,chunk_003:30299,951.201773647112,2,29724,AAAAAAAAAAAR,-0.7502965927124023,,"['A', 'A', 'A', 'A', 'A', 'A', 'V', 'A', 'A', 'A', 'A', 'A', 'A', 'G', 'L', 'P', 'G', 'A', 'A', 'S[UNIMOD:21]', 'P', 'R']",-22.44783592224121,"[-0.6014382839202881, -0.4935792088508606, -0.5274023413658142, -0.9834809303283691, -1.0662468671798706, -0.9133467674255371, -1.9917378425598145, -1.1444549560546875, -0.8266283273696899, -0.5267861485481262, -0.4714491367340088, -1.7152655124664307, -0.48214441537857056, -0.6610261797904968, -1.7130202054977417, -0.6890027523040771, -0.28336966037750244, -0.46410006284713745, -1.9102799892425537, -1.4785465002059937, -0.788601815700531, -0.264675498008728]",AAAAAAVAAAAAAGLPGAAS[UNIMOD:21]PR,-22.44783592224121,"[-0.6014382839202881, -0.4935792088508606, -0.5274023413658142, -0.9834809303283691, -1.0662468671798706, -0.9133467674255371, -1.9917378425598145, -1.1444549560546875, -0.8266283273696899, -0.5267861485481262, -0.4714491367340088, -1.7152655124664307, -0.48214441537857056, -0.6610261797904968, -1.7130202054977417, -0.6890027523040771, -0.28336966037750244, -0.46410006284713745, -1.9102799892425537, -1.4785465002059937, -0.788601815700531, -0.264675498008728]",AAAAAAAAAAAAAAGLPGAAS[UNIMOD:21]PR,-22.998023986816406,"[-0.6444188952445984, -0.5583860278129578, -0.5727163553237915, -0.7098556160926819, -0.8703003525733948, -1.0203893184661865, -1.1731619834899902, -1.4194722175598145, -1.1444549560546875, -0.8266283273696899, -0.5267861485481262, -0.4714491367340088, -1.7152655124664307, -0.48214441537857056, -0.6610261797904968, -1.7130202054977417, -0.6890027523040771, -0.28336966037750244, -0.46410006284713745, -1.9102799892425537, -1.4785465002059937, -0.788601815700531, -0.264675498008728]",GAAAAAAAAAAAAAGLPGAAS[UNIMOD:21]PR,-23.84471321105957,"[-1.9725439548492432, -0.5583860278129578, -0.5727163553237915, -0.7098556160926819, -0.8703003525733948, -1.0203893184661865, -1.1731619834899902, -1.4194722175598145, -1.1444549560546875, -0.8266283273696899, -0.5267861485481262, -0.4714491367340088, -1.7152655124664307, -0.48214441537857056, -0.6610261797904968, -1.7130202054977417, -0.6890027523040771, -0.28336966037750244, -0.46410006284713745, -1.9102799892425537, -1.4785465002059937, -0.788601815700531, -0.264675498008728]",AAGAAAAAAAAAAAGLPGAAS[UNIMOD:21]PR,-25.306867599487305,"[-0.697453498840332, -0.539365828037262, -2.531700611114502, -0.7098556160926819, -0.8703003525733948, -1.0203893184661865, -1.1731619834899902, -1.4194722175598145, -1.1444549560546875, -0.8266283273696899, -0.5267861485481262, -0.4714491367340088, -1.7152655124664307, -0.48214441537857056, -0.6610261797904968, -1.7130202054977417, -0.6890027523040771, -0.28336966037750244, -0.46410006284713745, -1.9102799892425537, -1.4785465002059937, -0.788601815700531, -0.264675498008728]",AGAAAAAAAAAAAAGLPGAAS[UNIMOD:21]PR,-25.38319396972656,"[-0.6411216855049133, -2.2263548374176025, -0.5727163553237915, -0.7098556160926819, -0.8703003525733948, -1.0203893184661865, -1.1731619834899902, -1.4194722175598145, -1.1444549560546875, -0.8266283273696899, -0.5267861485481262, -0.4714491367340088, -1.7152655124664307, -0.48214441537857056, -0.6610261797904968, -1.7130202054977417, -0.6890027523040771, -0.28336966037750244, -0.46410006284713745, -1.9102799892425537, -1.4785465002059937, -0.788601815700531, -0.264675498008728]","['A', 'A', 'A', 'A', 'A', 'A', 'A', 'A', 'A', 'A', 'A', 'R']",-0.7502965927124023,,"['A', 'A', 'A', 'A', 'A', 'A', 'V', 'A', 'A', 'A', 'A', 'A', 'A', 'G', 'L', 'P', 'G', 'A', 'A', 'S[UNIMOD:21]', 'P', 'R']",no_group,"A, A, A, A, A, A, A, A, A, A, A, R",496143.77645409567
chunk_006,22917,chunk_006:22917,959.351617777348,3,22692,AAAAAAAAAAAAAR,-1.4857796430587769,,"['A', 'A', 'A', 'A', 'A', 'A', 'A', 'P', 'A', 'P', 'A', 'P', 'V', 'R', 'E', 'A', 'D', 'H', 'Q', 'P', 'P', 'G', 'H', 'C[UNIMOD:4]', 'T', 'L', 'P', 'V', 'K']",-25.298784255981445,"[-0.6681669354438782, -0.554780125617981, -0.5476721525192261, -0.9931960701942444, -1.8618571758270264, -1.5392954349517822, -1.2946809530258179, -1.399766445159912, -0.5944278836250305, -0.06035486236214638, -0.8521163463592529, -1.6193535327911377, -1.5207641124725342, -4.768901348114014, -3.2186455882765586e-06, -6.282132380874828e-05, -2.2291887944447808e-05, -1.4185804502631072e-05, -0.00595983536913991, -7.033323527139146e-06, -0.0004664763400796801, -6.318072337307967e-06, -0.02803010679781437, -0.01893913745880127, -0.011416936293244362, -1.3041876554489136, -1.2325769662857056, -2.276590347290039, -0.42490145564079285]",AAAAAAAPAPAPVREADHQPPGHC[UNIMOD:4]TLPVK,-25.298784255981445,"[-0.6681669354438782, -0.554780125617981, -0.5476721525192261, -0.9931960701942444, -1.8618571758270264, -1.5392954349517822, -1.2946809530258179, -1.399766445159912, -0.5944278836250305, -0.06035486236214638, -0.8521163463592529, -1.6193535327911377, -1.5207641124725342, -4.768901348114014, -3.2186455882765586e-06, -6.282132380874828e-05, -2.2291887944447808e-05, -1.4185804502631072e-05, -0.00595983536913991, -7.033323527139146e-06, -0.0004664763400796801, -6.318072337307967e-06, -0.02803010679781437, -0.01893913745880127, -0.011416936293244362, -1.3041876554489136, -1.2325769662857056, -2.276590347290039, -0.42490145564079285]",VAAAAAPAPAPVREADHQPPGHC[UNIMOD:4]TLPVK,-26.092628479003903,"[-2.7364206314086914, -0.5476721525192261, -0.9931960701942444, -1.8618571758270264, -1.5392954349517822, -1.2946809530258179, -1.399766445159912, -0.5944278836250305, -0.06035486236214638, -0.8521163463592529, -1.6193535327911377, -1.5207641124725342, -4.768901348114014, -3.2186455882765586e-06, -6.282132380874828e-05, -2.2291887944447808e-05, -1.4185804502631072e-05, -0.00595983536913991, -7.033323527139146e-06, -0.0004664763400796801, -6.318072337307967e-06, -0.02803010679781437, -0.01893913745880127, -0.011416936293244362, -1.3041876554489136, -1.2325769662857056, -2.276590347290039, -0.42490145564079285]",AAAAAAGAAPAPVREADHQPPGHC[UNIMOD:4]TLPVK,-27.681337356567383,"[-0.8094371557235718, -1.0001113414764404, -1.3464205265045166, -1.523249626159668, -1.4614450931549072, -1.881707787513733, -1.1847021579742432, -1.805039882659912, -0.5944278836250305, -0.06035486236214638, -0.8521163463592529, -1.6193535327911377, -1.5207641124725342, -4.768901348114014, -3.2186455882765586e-06, -6.282132380874828e-05, -2.2291887944447808e-05, -1.4185804502631072e-05, -0.00595983536913991, -7.033323527139146e-06, -0.0004664763400796801, -6.318072337307967e-06, -0.02803010679781437, -0.01893913745880127, -0.011416936293244362, -1.3041876554489136, -1.2325769662857056, -2.276590347290039, -0.42490145564079285]",GAAAAAAPAPAPVREADHQPPGHC[UNIMOD:4]TLPVK,-28.05301284790039,"[-4.1522979736328125, -0.554780125617981, -0.5476721525192261, -0.9931960701942444, -1.8618571758270264, -1.5392954349517822, -1.2946809530258179, -1.399766445159912, -0.5944278836250305, -0.06035486236214638, -0.8521163463592529, -1.6193535327911377, -1.5207641124725342, -4.768901348114014, -3.2186455882765586e-06, -6.282132380874828e-05, -2.2291887944447808e-05, -1.4185804502631072e-05, -0.00595983536913991, -7.033323527139146e-06, -0.0004664763400796801, -6.318072337307967e-06, -0.02803010679781437, -0.01893913745880127, -0.011416936293244362, -1.3041876554489136, -1.2325769662857056, -2.276590347290039, -0.42490145564079285]",SAAAAAGAAPAPVREADHQPPGHC[UNIMOD:4]TLPVK,-28.25707626342773,"[-2.3338513374328613, -1.0001113414764404, -1.3464205265045166, -1.523249626159668, -1.4614450931549072, -1.881707787513733, -1.1847021579742432, -1.805039882659912, -0.5944278836250305, -0.06035486236214638, -0.8521163463592529, -1.6193535327911377, -1.5207641124725342, -4.768901348114014, -3.2186455882765586e-06, -6.282132380874828e-05, -2.2291887944447808e-05, -1.4185804502631072e-05, -0.00595983536913991, -7.033323527139146e-06, -0.0004664763400796801, -6.318072337307967e-06, -0.02803010679781437, -0.01893913745880127, -0.011416936293244362, -1.3041876554489136, -1.2325769662857056, -2.276590347290039, -0.42490145564079285]","['A', 'A', 'A', 'A', 'A', 'A', 'A', 'A', 'A', 'A', 'A', 'A', 'A', 'R']",-1.4857796430587769,,"['A', 'A', 'A', 'A', 'A', 'A', 'A', 'P', 'A', 'P', 'A', 'P', 'V', 'R', 'E', 'A', 'D', 'H', 'Q', 'P', 'P', 'G', 'H', 'C[UNIMOD:4]', 'T', 'L', 'P', 'V', 'K']",no_group,"A, A, A, A, A, A, A, A, A, A, A, A, A, R",617234.7550205274
chunk_008,15797,chunk_008:15797,984.539049515243,1,15497,AAAAAAAAAAAR,-0.5678534507751465,,"['A', 'A', 'A', 'A', 'A', 'A', 'A', 'A', 'V', 'A', 'A', 'R']",-16.051694869995117,"[-1.3042601346969604, -1.185942530632019, -1.0765459537506104, -1.0043118000030518, -1.166806936264038, -1.0329176187515259, -1.2178592681884766, -1.6670492887496948, -2.0089852809906006, -1.4190537929534912, -1.7589961290359497, -0.5782461762428284]",AAAAAAAAVAAR,-16.051694869995117,"[-1.3042601346969604, -1.185942530632019, -1.0765459537506104, -1.0043118000030518, -1.166806936264038, -1.0329176187515259, -1.2178592681884766, -1.6670492887496948, -2.0089852809906006, -1.4190537929534912, -1.7589961290359497, -0.5782461762428284]",[UNIMOD:385]SAAAAAAAVAAR,-24.979734420776367,"[-7.715879917144775, -3.14703369140625, -1.185942530632019, -1.0765459537506104, -1.0043118000030518, -1.166806936264038, -1.0329176187515259, -1.2178592681884766, -1.6670492887496948, -2.0089852809906006, -1.4190537929534912, -1.7589961290359497, -0.5782461762428284]",S[UNIMOD:21]AAAAAVAAR,-14.541922569274902,"[-1.3558428287506104, -1.0043118000030518, -1.166806936264038, -1.0329176187515259, -1.2178592681884766, -1.6670492887496948, -2.0089852809906006, -1.4190537929534912, -1.7589961290359497, -0.5782461762428284]",AS[UNIMOD:21]AAAAAAAAR,-14.674565315246582,"[-1.4492119550704956, -1.1209250688552856, -1.3658121824264526, -1.2613707780838013, -1.155419111251831, -1.1422336101531982, -1.2982261180877686, -1.6798837184906006, -1.4190537929534912, -1.7589961290359497, -0.5782461762428284]",S[UNIMOD:21]AAAAAAAAAR,-15.204155921936035,"[-1.140567421913147, -1.6248313188552856, -1.3658121824264526, -1.2613707780838013, -1.155419111251831, -1.1422336101531982, -1.2982261180877686, -1.6798837184906006, -1.4190537929534912, -1.7589961290359497, -0.5782461762428284]","['A', 'A', 'A', 'A', 'A', 'A', 'A', 'A', 'A', 'A', 'A', 'R']",-0.5678534507751465,,"['A', 'A', 'A', 'A', 'A', 'A', 'A', 'A', 'V', 'A', 'A', 'R']",no_group,"A, A, A, A, A, A, A, A, A, A, A, R",27432.592469076
chunk_008,37296,chunk_008:37296,354.21709858078,3,36896,GGGGGGGGGGGGGGPR,-1.1214311122894287,,"['G', 'G', 'G', 'G', 'G', 'G', 'G', 'G', 'G', 'G', 'G', 'G', 'G', 'G', 'G', 'R']",-17.23099136352539,"[-0.10540691018104553, -0.10583466291427612, -0.20238348841667175, -0.25808390974998474, -0.37775927782058716, -0.15239007771015167, -0.16967874765396118, -0.12829798460006714, -0.04681770130991936, -0.03047487698495388, -0.24175851047039032, -0.6334376335144043, -1.6253138780593872, -1.754577875137329, -1.9053893089294434, -0.5767412781715393]",GGGGGGGGGGGGGGGR,-17.23099136352539,"[-0.10540691018104553, -0.10583466291427612, -0.20238348841667175, -0.25808390974998474, -0.37775927782058716, -0.15239007771015167, -0.16967874765396118, -0.12829798460006714, -0.04681770130991936, -0.03047487698495388, -0.24175851047039032, -0.6334376335144043, -1.6253138780593872, -1.754577875137329, -1.9053893089294434, -0.5767412781715393]",KGGGGGGGGGGGGGR,-17.324249267578125,"[-3.705444097518921, -0.20238348841667175, -0.25808390974998474, -0.37775927782058716, -0.15239007771015167, -0.16967874765396118, -0.12829798460006714, -0.04681770130991936, -0.03047487698495388, -0.24175851047039032, -0.6334376335144043, -1.6253138780593872, -1.754577875137329, -1.9053893089294434, -0.5767412781715393]",PGGGGGGGGGGGGGR,-21.48477363586425,"[-3.914428472518921, -0.20238348841667175, -0.25808390974998474, -0.37775927782058716, -0.15239007771015167, -0.16967874765396118, -0.12829798460006714, -0.04681770130991936, -0.03047487698495388, -0.24175851047039032, -0.6334376335144043, -1.6253138780593872, -1.754577875137329, -1.9053893089294434, -0.5767412781715393]",SGGGGGGGGGGGGGGR,-22.03702545166016,"[-4.290953636169434, -0.10583466291427612, -0.20238348841667175, -0.25808390974998474, -0.37775927782058716, -0.15239007771015167, -0.16967874765396118, -0.12829798460006714, -0.04681770130991936, -0.03047487698495388, -0.24175851047039032, -0.6334376335144043, -1.6253138780593872, -1.754577875137329, -1.9053893089294434, -0.5767412781715393]",AGGGGGGGGGGGGGGR,-24.02023696899414,"[-5.789488792419434, -0.10583466291427612, -0.20238348841667175, -0.25808390974998474, -0.37775927782058716, -0.15239007771015167, -0.16967874765396118, -0.12829798460006714, -0.04681770130991936, -0.03047487698495388, -0.24175851047039032, -0.6334376335144043, -1.6253138780593872, -1.754577875137329, -1.9053893089294434, -0.5767412781715393]","['G', 'G', 'G', 'G', 'G', 'G', 'G', 'G', 'G', 'G', 'G', 'G', 'G', 'G', 'P', 'R']",-1.1214311122894287,,"['G', 'G', 'G', 'G', 'G', 'G', 'G', 'G', 'G', 'G', 'G', 'G', 'G', 'G', 'G', 'R']",no_group,"G, G, G, G, G, G, G, G, G, G, G, G, G, G, P, R",9255.62627841086
chunk_013,1081,chunk_013:1081,961.403135415095,1,1081,AAAAAAAAAAAR,-1.10968017578125,,"['A', 'A', 'A', 'A', 'A', 'A', 'A', 'A', 'A', 'A', 'G', 'R']",-9.332656860351562,"[-0.19373871386051178, -0.04146399348974228, -0.015168202109634876, -0.011577796190977097, -0.047405652701854706, -0.37335842847824097, -0.5002017021179199, -1.178060531616211, -1.4373385906219482, -2.0493359565734863, -1.5113117694854736, -0.7882925868034363]",AAAAAAAAAAGR,-9.332656860351562,"[-0.19373871386051178, -0.04146399348974228, -0.015168202109634876, -0.011577796190977097, -0.047405652701854706, -0.37335842847824097, -0.5002017021179199, -1.178060531616211, -1.4373385906219482, -2.0493359565734863, -1.5113117694854736, -0.7882925868034363]",GALGSGAAAAGR,-11.448243141174316,"[-0.04308292642235756, -1.6285706758499146, -0.11621555685997009, -0.38514775037765503, -0.018103836104273796, -1.6350772380828857, -0.5002017021179199, -1.178060531616211, -1.4373385906219482, -2.0493359565734863, -1.5113117694854736, -0.7882925868034363]",SAAAAAAAAAGR,-12.085888862609863,"[-3.2406136989593506, -0.04146399348974228, -0.015168202109634876, -0.011577796190977097, -0.047405652701854706, -0.37335842847824097, -0.5002017021179199, -1.178060531616211, -1.4373385906219482, -2.0493359565734863, -1.5113117694854736, -0.7882925868034363]",LGGAGGAGGAGGR,-14.98545742034912,"[-1.3731067180633545, -1.1209416389465332, -0.7755920886993408, -0.8710238337516785, -0.8322422504425049, -0.3650257885456085, -0.7165316939353943, -0.36220583319664, -1.1050009727478027, -1.453104853630066, -2.1801953315734863, -1.5113117694854736, -0.7882925868034363]",AAGAGGAGGAGGR,-15.679767608642578,"[-1.0787074565887451, -1.5740666389465332, -0.7755920886993408, -0.8710238337516785, -0.8322422504425049, -0.3650257885456085, -0.7165316939353943, -0.36220583319664, -1.1050009727478027, -1.453104853630066, -2.1801953315734863, -1.5113117694854736, -0.7882925868034363]","['A', 'A', 'A', 'A', 'A', 'A', 'A', 'A', 'A', 'A', 'A', 'R']",-1.10968017578125,,"['A', 'A', 'A', 'A', 'A', 'A', 'A', 'A', 'A', 'A', 'G', 'R']",no_group,"A, A, A, A, A, A, A, A, A, A, A, R",4028.0130909111576
chunk_014,42684,chunk_014:42684,1332.465612952145,1,40134,GGGGGGGGGGGGGGPR,-1.089197874069214,,"['R', 'G', 'G', 'G', 'G', 'G', 'G', 'G', 'G', 'G', 'G', 'S[UNIMOD:21]', 'G', 'G', 'P', 'R']",-23.29766273498535,"[-3.90687894821167, -1.7365001440048218, -1.208035945892334, -1.0966057777404785, -1.3335800170898438, -1.523176670074463, -1.612627625465393, -1.3515820503234863, -0.9848921298980713, -0.8227643966674805, -0.2939258813858032, -1.7900065183639526, -1.803675889968872, -1.6260998249053955, -1.9328068494796753, -0.27022308111190796]",RGGGGGGGGGGS[UNIMOD:21]GGPR,-23.29766273498535,"[-3.90687894821167, -1.7365001440048218, -1.208035945892334, -1.0966057777404785, -1.3335800170898438, -1.523176670074463, -1.612627625465393, -1.3515820503234863, -0.9848921298980713, -0.8227643966674805, -0.2939258813858032, -1.7900065183639526, -1.803675889968872, -1.6260998249053955, -1.9328068494796753, -0.27022308111190796]",LGGGGGGGGGGGS[UNIMOD:21]GGPR,-26.135906219482425,"[-4.233328819274902, -2.49281644821167, -1.7365001440048218, -1.208035945892334, -1.0966057777404785, -1.3335800170898438, -1.523176670074463, -1.612627625465393, -1.3515820503234863, -0.9848921298980713, -0.8227643966674805, -0.2939258813858032, -1.7900065183639526, -1.803675889968872, -1.6260998249053955, -1.9328068494796753, -0.27022308111190796]",GGGGGGGGGGGGGS[UNIMOD:21]GGPR,-27.74162483215332,"[-3.011685371398926, -2.7470006942749023, -2.49281644821167, -1.7365001440048218, -1.208035945892334, -1.0966057777404785, -1.3335800170898438, -1.523176670074463, -1.612627625465393, -1.3515820503234863, -0.9848921298980713, -0.8227643966674805, -0.2939258813858032, -1.7900065183639526, -1.803675889968872, -1.6260998249053955, -1.9328068494796753, -0.27022308111190796]",AGGGGGGGGGGGGS[UNIMOD:21]GGPR,-28.98578453063965,"[-4.305630683898926, -2.7470006942749023, -2.49281644821167, -1.7365001440048218, -1.208035945892334, -1.0966057777404785, -1.3335800170898438, -1.523176670074463, -1.612627625465393, -1.3515820503234863, -0.9848921298980713, -0.8227643966674805, -0.2939258813858032, -1.7900065183639526, -1.803675889968872, -1.6260998249053955, -1.9328068494796753, -0.27022308111190796]",SGGGGGGGGGGGGS[UNIMOD:21]GGPR,-29.13447952270508,"[-4.418911933898926, -2.7470006942749023, -2.49281644821167, -1.7365001440048218, -1.208035945892334, -1.0966057777404785, -1.3335800170898438, -1.523176670074463, -1.612627625465393, -1.3515820503234863, -0.9848921298980713, -0.8227643966674805, -0.2939258813858032, -1.7900065183639526, -1.803675889968872, -1.6260998249053955, -1.9328068494796753, -0.27022308111190796]","['G', 'G', 'G', 'G', 'G', 'G', 'G', 'G', 'G', 'G', 'G', 'G', 'G', 'G', 'P', 'R']",-1.089197874069214,,"['R', 'G', 'G', 'G', 'G', 'G', 'G', 'G', 'G', 'G', 'G', 'S[UNIMOD:21]', 'G', 'G', 'P', 'R']",no_group,"G, G, G, G, G, G, G, G, G, G, G, G, G, G, P, R",195869.98224585195
chunk_016,16319,chunk_016:16319,1097.486062848825,1,16044,GGGGGGGGGGGGGGPR,-0.8649567365646362,,"['[UNIMOD:5]', 'G', 'G', 'G', 'G', 'G', 'G', 'G', 'G', 'G', 'G', 'G', 'G', 'G', 'H', 'R']",-31.90898895263672,"[-9.91157054901123, -4.015101432800293, -4.294843673706055, -3.392881155014038, -1.3330354690551758, -0.7903130650520325, -0.6315139532089233, -0.5604830980300903, -0.632106602191925, -0.583543598651886, -0.6987482309341431, -1.0723776817321777, -1.7614490985870361, -0.9847988486289978, -0.46827465295791626, -0.7776156067848206]",[UNIMOD:5]GGGGGGGGGGGGGHR,-31.90898895263672,"[-9.91157054901123, -4.015101432800293, -4.294843673706055, -3.392881155014038, -1.3330354690551758, -0.7903130650520325, -0.6315139532089233, -0.5604830980300903, -0.632106602191925, -0.583543598651886, -0.6987482309341431, -1.0723776817321777, -1.7614490985870361, -0.9847988486289978, -0.46827465295791626, -0.7776156067848206]",GS[UNIMOD:21]GGGGGGGGGHR,-15.276023864746094,"[-2.232562780380249, -4.059597969055176, -0.7903130650520325, -0.6315139532089233, -0.5604830980300903, -0.632106602191925, -0.583543598651886, -0.6987482309341431, -1.0723776817321777, -1.7614490985870361, -0.9847988486289978, -0.46827465295791626, -0.7776156067848206]",S[UNIMOD:21]GGGGGGGGGGHR,-15.909748077392578,"[-5.471006393432617, -1.3330354690551758, -0.7903130650520325, -0.6315139532089233, -0.5604830980300903, -0.632106602191925, -0.583543598651886, -0.6987482309341431, -1.0723776817321777, -1.7614490985870361, -0.9847988486289978, -0.46827465295791626, -0.7776156067848206]",GRGGGGGGGGGGHR,-18.017318725585938,"[-2.0770528316497803, -5.385068893432617, -1.3330354690551758, -0.7903130650520325, -0.6315139532089233, -0.5604830980300903, -0.632106602191925, -0.583543598651886, -0.6987482309341431, -1.0723776817321777, -1.7614490985870361, -0.9847988486289978, -0.46827465295791626, -0.7776156067848206]",RGGGGGGGGGGGHR,-19.423900604248047,"[-5.547773361206055, -3.392881155014038, -1.3330354690551758, -0.7903130650520325, -0.6315139532089233, -0.5604830980300903, -0.632106602191925, -0.583543598651886, -0.6987482309341431, -1.0723776817321777, -1.7614490985870361, -0.9847988486289978, -0.46827465295791626, -0.7776156067848206]","['G', 'G', 'G', 'G', 'G', 'G', 'G', 'G', 'G', 'G', 'G', 'G', 'G', 'G', 'P', 'R']",-0.8649567365646362,,"['[UNIMOD:5]', 'G', 'G', 'G', 'G', 'G', 'G', 'G', 'G', 'G', 'G', 'G', 'G', 'G', 'H', 'R']",no_group,"G, G, G, G, G, G, G, G, G, G, G, G, G, G, P, R",23700.04205912885
chunk_036,1399,chunk_036:1399,1034.386136225481,1,1374,AAAAAAAAAAAR,-0.709225594997406,,"['P', 'D', 'A', 'A', 'A', 'A', 'A', 'A', 'A', 'A', 'A', 'R']",-6.955423831939697,"[-0.21193422377109528, -0.6534789204597473, -0.46293747425079346, -0.03446750342845917, -0.009830750524997711, -0.015895674005150795, -0.03999684005975723, -0.3894452154636383, -1.2971714735031128, -1.2407594919204712, -1.007476568222046, -0.04400406777858734]",PDAAAAAAAAAR,-6.955423831939697,"[-0.21193422377109528, -0.6534789204597473, -0.46293747425079346, -0.03446750342845917, -0.009830750524997711, -0.015895674005150795, -0.03999684005975723, -0.3894452154636383, -1.2971714735031128, -1.2407594919204712, -1.007476568222046, -0.04400406777858734]",T[UNIMOD:21]AAAAAAAAAR,-7.63454532623291,"[-2.1261351108551025, -0.46293747425079346, -0.03446750342845917, -0.009830750524997711, -0.015895674005150795, -0.03999684005975723, -0.3894452154636383, -1.2971714735031128, -1.2407594919204712, -1.007476568222046, -0.04400406777858734]",AAAAAAAAAAAAR,-9.597390174865724,"[-0.5847228765487671, -1.310330867767334, -1.9952757358551025, -0.46293747425079346, -0.03446750342845917, -0.009830750524997711, -0.015895674005150795, -0.03999684005975723, -0.3894452154636383, -1.2971714735031128, -1.2407594919204712, -1.007476568222046, -0.04400406777858734]",ADAAAAAAAAAR,-12.361896514892578,"[-3.7353718280792236, -0.6534789204597473, -0.46293747425079346, -0.03446750342845917, -0.009830750524997711, -0.015895674005150795, -0.03999684005975723, -0.3894452154636383, -1.2971714735031128, -1.2407594919204712, -1.007476568222046, -0.04400406777858734]",GDAAAAAAAAAR,-13.495299339294434,"[-3.1045124530792236, -0.6534789204597473, -0.46293747425079346, -0.03446750342845917, -0.009830750524997711, -0.015895674005150795, -0.03999684005975723, -0.3894452154636383, -1.2971714735031128, -1.2407594919204712, -1.007476568222046, -0.04400406777858734]","['A', 'A', 'A', 'A', 'A', 'A', 'A', 'A', 'A', 'A', 'A', 'R']",-0.709225594997406,,"['P', 'D', 'A', 'A', 'A', 'A', 'A', 'A', 'A', 'A', 'A', 'R']",no_group,"A, A, A, A, A, A, A, A, A, A, A, R",74300.6335196354
chunk_036,32057,chunk_036:32057,1027.434096946451,1,31707,GGGGGGGGGGGGGGPR,-0.9060419201850892,,"['[UNIMOD:385]', 'G', 'G', 'G', 'G', 'G', 'G', 'G', 'G', 'G', 'S', 'G', 'G', 'G', 'P', 'R']",-21.57113075256348,"[-9.144570350646973, -2.243410587310791, -1.2189853191375732, -0.35958975553512573, -0.339296817779541, -0.24960285425186157, -0.18020518124103546, -0.15476006269454956, -0.8281242251396179, -0.33388596773147583, -0.5500399470329285, -1.1374340057373047, -1.5455447435379028, -1.60897696018219, -0.7816609740257263, -0.8950363993644714]",[UNIMOD:385]GGGGGGGGGSGGGPR,-21.57113075256348,"[-9.144570350646973, -2.243410587310791, -1.2189853191375732, -0.35958975553512573, -0.339296817779541, -0.24960285425186157, -0.18020518124103546, -0.15476006269454956, -0.8281242251396179, -0.33388596773147583, -0.5500399470329285, -1.1374340057373047, -1.5455447435379028, -1.60897696018219, -0.7816609740257263, -0.8950363993644714]",SGGGGGGGSGGGPR,-9.65195655822754,"[-0.5471102595329285, -0.35958975553512573, -0.339296817779541, -0.24960285425186157, -0.18020518124103546, -0.15476006269454956, -0.8281242251396179, -0.33388596773147583, -0.5500399470329285, -1.1374340057373047, -1.5455447435379028, -1.60897696018219, -0.7816609740257263, -0.8950363993644714]",GLY[UNIMOD:21]GSGGGPR,-9.826119422912598,"[-0.7451408505439758, -0.07035531848669052, -2.1328117847442627, -0.33388596773147583, -0.5500399470329285, -1.1374340057373047, -1.5455447435379028, -1.60897696018219, -0.7816609740257263, -0.8950363993644714]",GGGGGGSGSGGGPR,-12.792369842529297,"[-1.6822752952575684, -0.9527431130409241, -0.42752960324287415, -0.14493876695632935, -0.35792654752731323, -0.034956857562065125, -1.9726555347442627, -0.33388596773147583, -0.5500399470329285, -1.1374340057373047, -1.5455447435379028, -1.60897696018219, -0.7816609740257263, -0.8950363993644714]",GSGGGGGGSGGGPR,-13.251569747924805,"[-2.1100270748138428, -1.7834179401397705, -0.339296817779541, -0.24960285425186157, -0.18020518124103546, -0.15476006269454956, -0.8281242251396179, -0.33388596773147583, -0.5500399470329285, -1.1374340057373047, -1.5455447435379028, -1.60897696018219, -0.7816609740257263, -0.8950363993644714]","['G', 'G', 'G', 'G', 'G', 'G', 'G', 'G', 'G', 'G', 'G', 'G', 'G', 'G', 'P', 'R']",-0.9060419201850892,,"['[UNIMOD:385]', 'G', 'G', 'G', 'G', 'G', 'G', 'G', 'G', 'G', 'S', 'G', 'G', 'G', 'P', 'R']",no_group,"G, G, G, G, G, G, G, G, G, G, G, G, G, G, P, R",41888.96415006967
chunk_038,14572,chunk_038:14572,366.884811544515,3,14147,AAAAAAAAAAAAAR,-0.8561140298843384,,"['A', 'A', 'A', 'A', 'A', 'A', 'A', 'A', 'A', 'A', 'A', 'A', 'A', 'R']",-12.846735000610352,"[-0.31001541018486023, -0.41441458463668823, -0.5548002123832703, -0.6182656288146973, -0.567571222782135, -0.7301637530326843, -0.35431575775146484, -0.32358449697494507, -0.3051900267601013, -1.641952395439148, -0.003062798175960779, -0.01393117755651474, -1.713320255279541, -0.033036984503269196]",AAAAAAAAAAAAAR,-12.846735000610352,"[-0.31001541018486023, -0.41441458463668823, -0.5548002123832703, -0.6182656288146973, -0.567571222782135, -0.7301637530326843, -0.35431575775146484, -0.32358449697494507, -0.3051900267601013, -1.641952395439148, -0.003062798175960779, -0.01393117755651474, -1.713320255279541, -0.033036984503269196]",SAAAAAAAAAAAR,-13.15468406677246,"[-2.148789644241333, -0.5548002123832703, -0.6182656288146973, -0.567571222782135, -0.7301637530326843, -0.35431575775146484, -0.32358449697494507, -0.3051900267601013, -1.641952395439148, -0.003062798175960779, -0.01393117755651474, -1.713320255279541, -0.033036984503269196]",PAAAAAAAAAAAR,-13.57564926147461,"[-2.156602144241333, -0.5548002123832703, -0.6182656288146973, -0.567571222782135, -0.7301637530326843, -0.35431575775146484, -0.32358449697494507, -0.3051900267601013, -1.641952395439148, -0.003062798175960779, -0.01393117755651474, -1.713320255279541, -0.033036984503269196]",LSAAAAAAAAAAR,-13.921172142028809,"[-1.549352765083313, -1.871206521987915, -0.6182656288146973, -0.567571222782135, -0.7301637530326843, -0.35431575775146484, -0.32358449697494507, -0.3051900267601013, -1.641952395439148, -0.003062798175960779, -0.01393117755651474, -1.713320255279541, -0.033036984503269196]",GAAAAAAAAAAAAR,-18.451133728027344,"[-5.518290042877197, -0.41441458463668823, -0.5548002123832703, -0.6182656288146973, -0.567571222782135, -0.7301637530326843, -0.35431575775146484, -0.32358449697494507, -0.3051900267601013, -1.641952395439148, -0.003062798175960779, -0.01393117755651474, -1.713320255279541, -0.033036984503269196]","['A', 'A', 'A', 'A', 'A', 'A', 'A', 'A', 'A', 'A', 'A', 'A', 'A', 'R']",-0.8561140298843384,,"['A', 'A', 'A', 'A', 'A', 'A', 'A', 'A', 'A', 'A', 'A', 'A', 'A', 'R']",no_group,"A, A, A, A, A, A, A, A, A, A, A, A, A, R",34.90072118560843
chunk_039,4654,chunk_039:4654,354.861992428691,3,4629,GGGGGGGGGGGGGGPR,-1.3250393867492676,,"['G', 'G', 'G', 'G', 'G', 'G', 'G', 'G', 'G', 'G', 'G', 'G', 'G', 'G', 'G', 'R']",-17.594497680664062,"[-0.13719740509986877, -0.14443765580654144, -0.23408213257789612, -0.2999493479728699, -0.40239474177360535, -0.2155451625585556, -0.23373937606811523, -0.19008933007717133, -0.08012207597494125, -0.05660438910126686, -0.3010258078575134, -0.823310375213623, -1.7151334285736084, -1.7472933530807495, -1.9482940435409546, -0.4548185467720032]",GGGGGGGGGGGGGGGR,-17.594497680664062,"[-0.13719740509986877, -0.14443765580654144, -0.23408213257789612, -0.2999493479728699, -0.40239474177360535, -0.2155451625585556, -0.23373937606811523, -0.19008933007717133, -0.08012207597494125, -0.05660438910126686, -0.3010258078575134, -0.823310375213623, -1.7151334285736084, -1.7472933530807495, -1.9482940435409546, -0.4548185467720032]",KGGGGGGGGGGGGGR,-17.6185359954834,"[-3.587796926498413, -0.23408213257789612, -0.2999493479728699, -0.40239474177360535, -0.2155451625585556, -0.23373937606811523, -0.19008933007717133, -0.08012207597494125, -0.05660438910126686, -0.3010258078575134, -0.823310375213623, -1.7151334285736084, -1.7472933530807495, -1.9482940435409546, -0.4548185467720032]",PGGGGGGGGGGGGGR,-21.61394500732422,"[-3.693265676498413, -0.23408213257789612, -0.2999493479728699, -0.40239474177360535, -0.2155451625585556, -0.23373937606811523, -0.19008933007717133, -0.08012207597494125, -0.05660438910126686, -0.3010258078575134, -0.823310375213623, -1.7151334285736084, -1.7472933530807495, -1.9482940435409546, -0.4548185467720032]",SGGGGGGGGGGGGGGR,-21.814054489135746,"[-3.781728744506836, -0.14443765580654144, -0.23408213257789612, -0.2999493479728699, -0.40239474177360535, -0.2155451625585556, -0.23373937606811523, -0.19008933007717133, -0.08012207597494125, -0.05660438910126686, -0.3010258078575134, -0.823310375213623, -1.7151334285736084, -1.7472933530807495, -1.9482940435409546, -0.4548185467720032]",AGGGGGGGGGGGGGGR,-23.743770599365234,"[-5.224599838256836, -0.14443765580654144, -0.23408213257789612, -0.2999493479728699, -0.40239474177360535, -0.2155451625585556, -0.23373937606811523, -0.19008933007717133, -0.08012207597494125, -0.05660438910126686, -0.3010258078575134, -0.823310375213623, -1.7151334285736084, -1.7472933530807495, -1.9482940435409546, -0.4548185467720032]","['G', 'G', 'G', 'G', 'G', 'G', 'G', 'G', 'G', 'G', 'G', 'G', 'G', 'G', 'P', 'R']",-1.3250393867492676,,"['G', 'G', 'G', 'G', 'G', 'G', 'G', 'G', 'G', 'G', 'G', 'G', 'G', 'G', 'G', 'R']",no_group,"G, G, G, G, G, G, G, G, G, G, G, G, G, G, P, R",7421.497072569458
chunk_044,26752,chunk_044:26752,1122.452743933575,1,26452,AAAAAAAAAAAAAR,-0.8748296499252319,,"['A', 'A', 'A', 'A', 'A', 'A', 'A', 'A', 'A', 'A', 'A', 'A', 'A', 'R']",-13.074124336242676,"[-1.2703564167022705, -1.1736916303634644, -0.877149224281311, -0.19889818131923676, -0.1318749040365219, -0.35158029198646545, -0.7069030404090881, -1.0227365493774414, -1.254440426826477, -0.8575419187545776, -1.2366414070129395, -1.2206861972808838, -1.5198616981506348, -0.6194148063659668]",AAAAAAAAAAAAAR,-13.074124336242676,"[-1.2703564167022705, -1.1736916303634644, -0.877149224281311, -0.19889818131923676, -0.1318749040365219, -0.35158029198646545, -0.7069030404090881, -1.0227365493774414, -1.254440426826477, -0.8575419187545776, -1.2366414070129395, -1.2206861972808838, -1.5198616981506348, -0.6194148063659668]",GS[UNIMOD:21]AAAAAAAAAAR,-13.182477951049805,"[-1.1676130294799805, -1.560742974281311, -0.19889818131923676, -0.1318749040365219, -0.35158029198646545, -0.7069030404090881, -1.0227365493774414, -1.254440426826477, -0.8575419187545776, -1.2366414070129395, -1.2206861972808838, -1.5198616981506348, -0.6194148063659668]",SAAAAAAAAAAAAR,-14.876394271850586,"[-3.3894970417022705, -1.1736916303634644, -0.877149224281311, -0.19889818131923676, -0.1318749040365219, -0.35158029198646545, -0.7069030404090881, -1.0227365493774414, -1.254440426826477, -0.8575419187545776, -1.2366414070129395, -1.2206861972808838, -1.5198616981506348, -0.6194148063659668]",GAAAAAAAAAAAAR,-15.855151176452637,"[-3.9002392292022705, -1.1736916303634644, -0.877149224281311, -0.19889818131923676, -0.1318749040365219, -0.35158029198646545, -0.7069030404090881, -1.0227365493774414, -1.254440426826477, -0.8575419187545776, -1.2366414070129395, -1.2206861972808838, -1.5198616981506348, -0.6194148063659668]",GAPAAAAAAAAAAR,-18.682411193847656,"[-4.073181629180908, -1.3164352178573608, -1.662305474281311, -0.19889818131923676, -0.1318749040365219, -0.35158029198646545, -0.7069030404090881, -1.0227365493774414, -1.254440426826477, -0.8575419187545776, -1.2366414070129395, -1.2206861972808838, -1.5198616981506348, -0.6194148063659668]","['A', 'A', 'A', 'A', 'A', 'A', 'A', 'A', 'A', 'A', 'A', 'A', 'A', 'R']",-0.8748296499252319,,"['A', 'A', 'A', 'A', 'A', 'A', 'A', 'A', 'A', 'A', 'A', 'A', 'A', 'R']",no_group,"A, A, A, A, A, A, A, A, A, A, A, A, A, R",20355.35576625305
chunk_050,48463,chunk_050:48463,550.292874950085,2,47638,AAAAAAAAAAAAAR,-0.960407853126526,,"['A', 'A', 'A', 'A', 'A', 'A', 'A', 'A', 'A', 'A', 'A', 'A', 'A', 'R']",-11.524948120117188,"[-0.41812682151794434, -0.6776717305183411, -0.5093656182289124, -0.6598733067512512, -0.8998732566833496, -1.1044964790344238, -0.3889632225036621, -0.27558794617652893, -0.3115023076534271, -0.603082537651062, -1.4963666200637817, -1.2913767099380493, -1.6079353094100952, -0.19806760549545288]",AAAAAAAAAAAAAR,-11.524948120117188,"[-0.41812682151794434, -0.6776717305183411, -0.5093656182289124, -0.6598733067512512, -0.8998732566833496, -1.1044964790344238, -0.3889632225036621, -0.27558794617652893, -0.3115023076534271, -0.603082537651062, -1.4963666200637817, -1.2913767099380493, -1.6079353094100952, -0.19806760549545288]",[UNIMOD:1]GAGGAAAAAAAAAR,-19.14543914794922,"[-4.776029586791992, -2.3415775299072266, -1.1802641153335571, -1.092475175857544, -1.5778419971466064, -0.8998732566833496, -1.1044964790344238, -0.3889632225036621, -0.27558794617652893, -0.3115023076534271, -0.603082537651062, -1.4963666200637817, -1.2913767099380493, -1.6079353094100952, -0.19806760549545288]",[UNIMOD:5]GAGGAAAAAAAAAR,-21.39446258544922,"[-7.025053024291992, -2.3415775299072266, -1.1802641153335571, -1.092475175857544, -1.5778419971466064, -0.8998732566833496, -1.1044964790344238, -0.3889632225036621, -0.27558794617652893, -0.3115023076534271, -0.603082537651062, -1.4963666200637817, -1.2913767099380493, -1.6079353094100952, -0.19806760549545288]",QAAAAAAAAAAAR,-10.785326957702637,"[-1.4061872959136963, -0.5093656182289124, -0.6598733067512512, -0.8998732566833496, -1.1044964790344238, -0.3889632225036621, -0.27558794617652893, -0.3115023076534271, -0.603082537651062, -1.4963666200637817, -1.2913767099380493, -1.6079353094100952, -0.19806760549545288]",AAGGAAAAAAAAAR,-15.674169540405272,"[-1.5447026491165161, -1.1802641153335571, -1.092475175857544, -1.5778419971466064, -0.8998732566833496, -1.1044964790344238, -0.3889632225036621, -0.27558794617652893, -0.3115023076534271, -0.603082537651062, -1.4963666200637817, -1.2913767099380493, -1.6079353094100952, -0.19806760549545288]","['A', 'A', 'A', 'A', 'A', 'A', 'A', 'A', 'A', 'A', 'A', 'A', 'A', 'R']",-0.960407853126526,,"['A', 'A', 'A', 'A', 'A', 'A', 'A', 'A', 'A', 'A', 'A', 'A', 'A', 'R']",no_group,"A, A, A, A, A, A, A, A, A, A, A, A, A, R",23.93734412117632
chunk_057,17886,chunk_057:17886,1023.390346730988,1,17486,AAAAAAAAAAAR,-0.8445453643798828,,"['A', 'S', 'A', 'A', 'A', 'A', 'A', 'A', 'A', 'A', 'A', 'R']",-14.885297775268556,"[-0.9749018549919128, -1.8868286609649658, -0.896620512008667, -1.225480079650879, -1.167073130607605, -0.9457441568374634, -1.0246120691299438, -1.1663060188293457, -1.4804177284240723, -1.4119406938552856, -1.6900715827941895, -0.7588138580322266]",ASAAAAAAAAAR,-14.885297775268556,"[-0.9749018549919128, -1.8868286609649658, -0.896620512008667, -1.225480079650879, -1.167073130607605, -0.9457441568374634, -1.0246120691299438, -1.1663060188293457, -1.4804177284240723, -1.4119406938552856, -1.6900715827941895, -0.7588138580322266]",SAAAAAAAAAAR,-15.328583717346191,"[-1.9306623935699463, -0.730578601360321, -0.896620512008667, -1.225480079650879, -1.167073130607605, -0.9457441568374634, -1.0246120691299438, -1.1663060188293457, -1.4804177284240723, -1.4119406938552856, -1.6900715827941895, -0.7588138580322266]",PAAAAAAAAAAR,-16.077314376831055,"[-3.1367170810699463, -0.730578601360321, -0.896620512008667, -1.225480079650879, -1.167073130607605, -0.9457441568374634, -1.0246120691299438, -1.1663060188293457, -1.4804177284240723, -1.4119406938552856, -1.6900715827941895, -0.7588138580322266]",GAAAAAAAAAAAR,-18.54324531555176,"[-4.065056800842285, -0.9326155185699463, -0.730578601360321, -0.896620512008667, -1.225480079650879, -1.167073130607605, -0.9457441568374634, -1.0246120691299438, -1.1663060188293457, -1.4804177284240723, -1.4119406938552856, -1.6900715827941895, -0.7588138580322266]",GAGSAAAAAAAAR,-19.5376091003418,"[-2.7819020748138428, -1.3686331510543823, -1.8110994100570679, -1.586073637008667, -1.225480079650879, -1.167073130607605, -0.9457441568374634, -1.0246120691299438, -1.1663060188293457, -1.4804177284240723, -1.4119406938552856, -1.6900715827941895, -0.7588138580322266]","['A', 'A', 'A', 'A', 'A', 'A', 'A', 'A', 'A', 'A', 'A', 'R']",-0.8445453643798828,,"['A', 'S', 'A', 'A', 'A', 'A', 'A', 'A', 'A', 'A', 'A', 'R']",no_group,"A, A, A, A, A, A, A, A, A, A, A, R",64354.48208141066
chunk_061,3900,chunk_061:3900,1012.433448610817,1,3850,GGGGGGGGGGGGGGPR,-0.649178147315979,,"['[UNIMOD:385]', 'G', 'L', 'G', 'G', 'G', 'G', 'G', 'G', 'G', 'G', 'G', 'G', 'G', 'G', 'R']",-27.766733169555664,"[-11.403459548950195, -1.4382667541503906, -2.7495954036712646, -0.9345300793647766, -0.7267071008682251, -0.7494823932647705, -0.9322638511657715, -0.7686461210250854, -0.6474174857139587, -0.5685098171234131, -0.5729354619979858, -0.6611546874046326, -1.2625316381454468, -1.8694543838500977, -2.015564203262329, -0.4660484194755554]",[UNIMOD:385]GLGGGGGGGGGGGGR,-27.766733169555664,"[-11.403459548950195, -1.4382667541503906, -2.7495954036712646, -0.9345300793647766, -0.7267071008682251, -0.7494823932647705, -0.9322638511657715, -0.7686461210250854, -0.6474174857139587, -0.5685098171234131, -0.5729354619979858, -0.6611546874046326, -1.2625316381454468, -1.8694543838500977, -2.015564203262329, -0.4660484194755554]",PGGGGGGGGGGGGR,-16.567588806152344,"[-2.9209821224212646, -0.9345300793647766, -0.7267071008682251, -0.7494823932647705, -0.9322638511657715, -0.7686461210250854, -0.6474174857139587, -0.5685098171234131, -0.5729354619979858, -0.6611546874046326, -1.2625316381454468, -1.8694543838500977, -2.015564203262329, -0.4660484194755554]",GGGGGGGGGGGGGGR,-16.86798095703125,"[-1.6816810369491577, -1.5005719661712646, -0.9345300793647766, -0.7267071008682251, -0.7494823932647705, -0.9322638511657715, -0.7686461210250854, -0.6474174857139587, -0.5685098171234131, -0.5729354619979858, -0.6611546874046326, -1.2625316381454468, -1.8694543838500977, -2.015564203262329, -0.4660484194755554]",SGGGGGGGGGGGGGR,-17.463871002197266,"[-2.3574624061584473, -1.5005719661712646, -0.9345300793647766, -0.7267071008682251, -0.7494823932647705, -0.9322638511657715, -0.7686461210250854, -0.6474174857139587, -0.5685098171234131, -0.5729354619979858, -0.6611546874046326, -1.2625316381454468, -1.8694543838500977, -2.015564203262329, -0.4660484194755554]",GSGGGGGGGGGGGGR,-18.975345611572266,"[-1.8112491369247437, -2.7388532161712646, -0.9345300793647766, -0.7267071008682251, -0.7494823932647705, -0.9322638511657715, -0.7686461210250854, -0.6474174857139587, -0.5685098171234131, -0.5729354619979858, -0.6611546874046326, -1.2625316381454468, -1.8694543838500977, -2.015564203262329, -0.4660484194755554]","['G', 'G', 'G', 'G', 'G', 'G', 'G', 'G', 'G', 'G', 'G', 'G', 'G', 'G', 'P', 'R']",-0.649178147315979,,"['[UNIMOD:385]', 'G', 'L', 'G', 'G', 'G', 'G', 'G', 'G', 'G', 'G', 'G', 'G', 'G', 'G', 'R']",no_group,"G, G, G, G, G, G, G, G, G, G, G, G, G, G, P, R",57326.03804113696
chunk_077,48568,chunk_077:48568,355.202742872754,3,47343,GGGGGGGGGGGGGGPR,-1.1227329969406128,,"['G', 'G', 'G', 'G', 'G', 'G', 'G', 'G', 'G', 'G', 'G', 'G', 'G', 'G', 'G', 'R']",-15.750412940979004,"[-0.2049604207277298, -0.16248664259910583, -0.3635478913784027, -0.46588394045829773, -0.5919905304908752, -0.16790218651294708, -0.11083357036113739, -0.05649218335747719, -0.017937231808900833, -0.013404134660959244, -0.13824671506881714, -0.5247330069541931, -1.639379620552063, -1.6193478107452393, -1.5080978870391846, -0.8063433766365051]",GGGGGGGGGGGGGGGR,-15.750412940979004,"[-0.2049604207277298, -0.16248664259910583, -0.3635478913784027, -0.46588394045829773, -0.5919905304908752, -0.16790218651294708, -0.11083357036113739, -0.05649218335747719, -0.017937231808900833, -0.013404134660959244, -0.13824671506881714, -0.5247330069541931, -1.639379620552063, -1.6193478107452393, -1.5080978870391846, -0.8063433766365051]",IGGGGGGGGGGGGGR,-17.182374954223633,"[-3.1663928031921387, -0.3635478913784027, -0.46588394045829773, -0.5919905304908752, -0.16790218651294708, -0.11083357036113739, -0.05649218335747719, -0.017937231808900833, -0.013404134660959244, -0.13824671506881714, -0.5247330069541931, -1.639379620552063, -1.6193478107452393, -1.5080978870391846, -0.8063433766365051]",PGGGGGGGGGGGGGR,-18.775684356689453,"[-3.2855334281921387, -0.3635478913784027, -0.46588394045829773, -0.5919905304908752, -0.16790218651294708, -0.11083357036113739, -0.05649218335747719, -0.017937231808900833, -0.013404134660959244, -0.13824671506881714, -0.5247330069541931, -1.639379620552063, -1.6193478107452393, -1.5080978870391846, -0.8063433766365051]",SGGGGGGGGGGGGGGR,-19.220680236816406,"[-3.745975971221924, -0.16248664259910583, -0.3635478913784027, -0.46588394045829773, -0.5919905304908752, -0.16790218651294708, -0.11083357036113739, -0.05649218335747719, -0.017937231808900833, -0.013404134660959244, -0.13824671506881714, -0.5247330069541931, -1.639379620552063, -1.6193478107452393, -1.5080978870391846, -0.8063433766365051]",AGGGGGGGGGGGGGGR,-22.90438842773437,"[-6.294315814971924, -0.16248664259910583, -0.3635478913784027, -0.46588394045829773, -0.5919905304908752, -0.16790218651294708, -0.11083357036113739, -0.05649218335747719, -0.017937231808900833, -0.013404134660959244, -0.13824671506881714, -0.5247330069541931, -1.639379620552063, -1.6193478107452393, -1.5080978870391846, -0.8063433766365051]","['G', 'G', 'G', 'G', 'G', 'G', 'G', 'G', 'G', 'G', 'G', 'G', 'G', 'G', 'P', 'R']",-1.1227329969406128,,"['G', 'G', 'G', 'G', 'G', 'G', 'G', 'G', 'G', 'G', 'G', 'G', 'G', 'G', 'G', 'R']",no_group,"G, G, G, G, G, G, G, G, G, G, G, G, G, G, P, R",6455.065001381641
chunk_084,47573,chunk_084:47573,361.188225038022,3,2339,GGGGGGGGGGGGGGPR,-1.1724497079849243,,"['G', 'G', 'G', 'G', 'G', 'G', 'G', 'G', 'G', 'G', 'G', 'G', 'G', 'G', 'G', 'R']",-17.862266540527344,"[-0.1393055021762848, -0.14172953367233276, -0.21833118796348572, -0.2842729389667511, -0.41456660628318787, -0.22222664952278137, -0.2374742329120636, -0.19102798402309418, -0.08156826347112656, -0.060872770845890045, -0.28939831256866455, -0.8411147594451904, -1.8620665073394775, -1.7222468852996826, -1.8515727519989014, -0.3967558443546295]",GGGGGGGGGGGGGGGR,-17.862266540527344,"[-0.1393055021762848, -0.14172953367233276, -0.21833118796348572, -0.2842729389667511, -0.41456660628318787, -0.22222664952278137, -0.2374742329120636, -0.19102798402309418, -0.08156826347112656, -0.060872770845890045, -0.28939831256866455, -0.8411147594451904, -1.8620665073394775, -1.7222468852996826, -1.8515727519989014, -0.3967558443546295]",SGGGGGGGGGGGGGGR,-22.023420333862305,"[-3.793602466583252, -0.14172953367233276, -0.21833118796348572, -0.2842729389667511, -0.41456660628318787, -0.22222664952278137, -0.2374742329120636, -0.19102798402309418, -0.08156826347112656, -0.060872770845890045, -0.28939831256866455, -0.8411147594451904, -1.8620665073394775, -1.7222468852996826, -1.8515727519989014, -0.3967558443546295]",PGGGGGGGGGGGGGGR,-22.62277603149414,"[-3.072899341583252, -0.14172953367233276, -0.21833118796348572, -0.2842729389667511, -0.41456660628318787, -0.22222664952278137, -0.2374742329120636, -0.19102798402309418, -0.08156826347112656, -0.060872770845890045, -0.28939831256866455, -0.8411147594451904, -1.8620665073394775, -1.7222468852996826, -1.8515727519989014, -0.3967558443546295]",AGGGGGGGGGGGGGGR,-24.020965576171875,"[-5.294579029083252, -0.14172953367233276, -0.21833118796348572, -0.2842729389667511, -0.41456660628318787, -0.22222664952278137, -0.2374742329120636, -0.19102798402309418, -0.08156826347112656, -0.060872770845890045, -0.28939831256866455, -0.8411147594451904, -1.8620665073394775, -1.7222468852996826, -1.8515727519989014, -0.3967558443546295]",GSGGGGGGGGGGGGGR,-24.091779708862305,"[-1.8708903789520264, -3.9200499057769775, -0.21833118796348572, -0.2842729389667511, -0.41456660628318787, -0.22222664952278137, -0.2374742329120636, -0.19102798402309418, -0.08156826347112656, -0.060872770845890045, -0.28939831256866455, -0.8411147594451904, -1.8620665073394775, -1.7222468852996826, -1.8515727519989014, -0.3967558443546295]","['G', 'G', 'G', 'G', 'G', 'G', 'G', 'G', 'G', 'G', 'G', 'G', 'G', 'G', 'P', 'R']",-1.1724497079849243,,"['G', 'G', 'G', 'G', 'G', 'G', 'G', 'G', 'G', 'G', 'G', 'G', 'G', 'G', 'G', 'R']",no_group,"G, G, G, G, G, G, G, G, G, G, G, G, G, G, P, R",9297.577104020416
chunk_091,47634,chunk_091:47634,349.885084613866,3,46784,GGGGGGGGGGGGGGPR,-1.2393124103546145,,"['G', 'G', 'G', 'G', 'G', 'G', 'G', 'G', 'G', 'G', 'G', 'G', 'G', 'G', 'G', 'R']",-16.104248046875,"[-0.2352345585823059, -0.15589934587478638, -0.16090311110019684, -0.3516165316104889, -0.45093363523483276, -0.2082711011171341, -0.11240396648645401, -0.07720012962818146, -0.04264185577630997, -0.03275783732533455, -0.15647590160369873, -0.5862608551979065, -1.2820848226547241, -1.5539145469665527, -1.7030984163284302, -0.772424042224884]",GGGGGGGGGGGGGGGR,-16.104248046875,"[-0.2352345585823059, -0.15589934587478638, -0.16090311110019684, -0.3516165316104889, -0.45093363523483276, -0.2082711011171341, -0.11240396648645401, -0.07720012962818146, -0.04264185577630997, -0.03275783732533455, -0.15647590160369873, -0.5862608551979065, -1.2820848226547241, -1.5539145469665527, -1.7030984163284302, -0.772424042224884]",GGGGGGGGGGGGGGGK,-17.965576171875,"[-0.5448311567306519, -0.33831867575645447, -0.26270630955696106, -0.30010417103767395, -0.3315049707889557, -0.320722371339798, -0.36895254254341125, -0.279049277305603, -0.21434834599494934, -0.18407055735588074, -0.4276236593723297, -0.940811038017273, -0.6898429989814758, -1.3101855516433716, -2.4331727027893066, -0.623986542224884]",PGGGGGGGGGGGGGGK,-20.65977478027344,"[-1.9920967817306519, -0.33831867575645447, -0.26270630955696106, -0.30010417103767395, -0.3315049707889557, -0.320722371339798, -0.36895254254341125, -0.279049277305603, -0.21434834599494934, -0.18407055735588074, -0.4276236593723297, -0.940811038017273, -0.6898429989814758, -1.3101855516433716, -2.4331727027893066, -0.623986542224884]",SGGGGGGGGGGGGGGK,-21.433490753173828,"[-1.8417061567306519, -0.33831867575645447, -0.26270630955696106, -0.30010417103767395, -0.3315049707889557, -0.320722371339798, -0.36895254254341125, -0.279049277305603, -0.21434834599494934, -0.18407055735588074, -0.4276236593723297, -0.940811038017273, -0.6898429989814758, -1.3101855516433716, -2.4331727027893066, -0.623986542224884]",AGGGGGGGGGGGGGGK,-22.549549102783203,"[-3.3456125259399414, -0.33831867575645447, -0.26270630955696106, -0.30010417103767395, -0.3315049707889557, -0.320722371339798, -0.36895254254341125, -0.279049277305603, -0.21434834599494934, -0.18407055735588074, -0.4276236593723297, -0.940811038017273, -0.6898429989814758, -1.3101855516433716, -2.4331727027893066, -0.623986542224884]","['G', 'G', 'G', 'G', 'G', 'G', 'G', 'G', 'G', 'G', 'G', 'G', 'G', 'G', 'P', 'R']",-1.2393124103546145,,"['G', 'G', 'G', 'G', 'G', 'G', 'G', 'G', 'G', 'G', 'G', 'G', 'G', 'G', 'G', 'R']",no_group,"G, G, G, G, G, G, G, G, G, G, G, G, G, G, P, R",21751.4703754796
chunk_099,36574,chunk_099:36574,375.531692103014,3,36299,GGGGGGGGGGGGGGPR,-1.091092824935913,,"['G', 'G', 'G', 'G', 'G', 'G', 'G', 'G', 'G', 'G', 'G', 'G', 'G', 'G', 'G', 'G', 'R']",-20.93948745727539,"[-0.2423388957977295, -0.1280626505613327, -0.13842172920703888, -0.22722561657428741, -0.29325634241104126, -0.41104045510292053, -0.2125067412853241, -0.2107626348733902, -0.17546376585960388, -0.07409495860338211, -0.056978873908519745, -0.30976757407188416, -0.8541465997695923, -1.8219490051269531, -1.5408488512039185, -1.970672607421875, -0.4390854835510254]",GGGGGGGGGGGGGGGGR,-20.93948745727539,"[-0.2423388957977295, -0.1280626505613327, -0.13842172920703888, -0.22722561657428741, -0.29325634241104126, -0.41104045510292053, -0.2125067412853241, -0.2107626348733902, -0.17546376585960388, -0.07409495860338211, -0.056978873908519745, -0.30976757407188416, -0.8541465997695923, -1.8219490051269531, -1.5408488512039185, -1.970672607421875, -0.4390854835510254]",SGGGGGGGGGGGGGGGR,-21.90132522583008,"[-2.3966357707977295, -0.1280626505613327, -0.13842172920703888, -0.22722561657428741, -0.29325634241104126, -0.41104045510292053, -0.2125067412853241, -0.2107626348733902, -0.17546376585960388, -0.07409495860338211, -0.056978873908519745, -0.30976757407188416, -0.8541465997695923, -1.8219490051269531, -1.5408488512039185, -1.970672607421875, -0.4390854835510254]",PGGGGGGGGGGGGGGR,-22.36822509765625,"[-3.1729846000671387, -0.13842172920703888, -0.22722561657428741, -0.29325634241104126, -0.41104045510292053, -0.2125067412853241, -0.2107626348733902, -0.17546376585960388, -0.07409495860338211, -0.056978873908519745, -0.30976757407188416, -0.8541465997695923, -1.8219490051269531, -1.5408488512039185, -1.970672607421875, -0.4390854835510254]",GSGGGGGGGGGGGGGGR,-23.39899063110352,"[-1.333734154701233, -3.9073596000671387, -0.13842172920703888, -0.22722561657428741, -0.29325634241104126, -0.41104045510292053, -0.2125067412853241, -0.2107626348733902, -0.17546376585960388, -0.07409495860338211, -0.056978873908519745, -0.30976757407188416, -0.8541465997695923, -1.8219490051269531, -1.5408488512039185, -1.970672607421875, -0.4390854835510254]",AGGGGGGGGGGGGGGGR,-23.692750930786133,"[-5.231108665466309, -0.1280626505613327, -0.13842172920703888, -0.22722561657428741, -0.29325634241104126, -0.41104045510292053, -0.2125067412853241, -0.2107626348733902, -0.17546376585960388, -0.07409495860338211, -0.056978873908519745, -0.30976757407188416, -0.8541465997695923, -1.8219490051269531, -1.5408488512039185, -1.970672607421875, -0.4390854835510254]","['G', 'G', 'G', 'G', 'G', 'G', 'G', 'G', 'G', 'G', 'G', 'G', 'G', 'G', 'P', 'R']",-1.091092824935913,,"['G', 'G', 'G', 'G', 'G', 'G', 'G', 'G', 'G', 'G', 'G', 'G', 'G', 'G', 'G', 'G', 'R']",no_group,"G, G, G, G, G, G, G, G, G, G, G, G, G, G, P, R",47137.546067593874
chunk_102,993,chunk_102:993,365.196368942223,3,993,GGGGGGGGGGGGGGPR,-1.0522968769073486,,"['G', 'G', 'G', 'G', 'G', 'G', 'G', 'S', 'G', 'G', 'G', 'G', 'G', 'G', 'G', 'R']",-20.8409423828125,"[-0.41407838463783264, -0.37119734287261963, -0.3907466232776642, -0.3040141761302948, -0.21272608637809753, -0.10105052590370178, -0.23739093542099, -2.909926652908325, -0.08651943504810333, -0.06367967277765274, -0.31696489453315735, -0.8367820978164673, -1.8277548551559448, -1.666778326034546, -1.9734971523284912, -0.6861283183097839]",GGGGGGGSGGGGGGGR,-20.8409423828125,"[-0.41407838463783264, -0.37119734287261963, -0.3907466232776642, -0.3040141761302948, -0.21272608637809753, -0.10105052590370178, -0.23739093542099, -2.909926652908325, -0.08651943504810333, -0.06367967277765274, -0.31696489453315735, -0.8367820978164673, -1.8277548551559448, -1.666778326034546, -1.9734971523284912, -0.6861283183097839]",GGGGGGGGGGGGGGGGR,-21.41939163208008,"[-0.23900365829467773, -0.14135804772377014, -0.1526535153388977, -0.23677906394004822, -0.29577139019966125, -0.42519620060920715, -0.2435702532529831, -0.2598888576030731, -0.20875467360019684, -0.08651943504810333, -0.06367967277765274, -0.31696489453315735, -0.8367820978164673, -1.8277548551559448, -1.666778326034546, -1.9734971523284912, -0.6861283183097839]",SGGGGGGGGGGGGGGR,-22.02240753173828,"[-3.7116706371307373, -0.1526535153388977, -0.23677906394004822, -0.29577139019966125, -0.42519620060920715, -0.2435702532529831, -0.2598888576030731, -0.20875467360019684, -0.08651943504810333, -0.06367967277765274, -0.31696489453315735, -0.8367820978164673, -1.8277548551559448, -1.666778326034546, -1.9734971523284912, -0.6861283183097839]",LGGGGGGGGGGGGGGR,-22.96714782714844,"[-4.449951648712158, -0.1526535153388977, -0.23677906394004822, -0.29577139019966125, -0.42519620060920715, -0.2435702532529831, -0.2598888576030731, -0.20875467360019684, -0.08651943504810333, -0.06367967277765274, -0.31696489453315735, -0.8367820978164673, -1.8277548551559448, -1.666778326034546, -1.9734971523284912, -0.6861283183097839]",PGGGGGGGGGGGGGGR,-22.995525360107425,"[-3.1257331371307373, -0.1526535153388977, -0.23677906394004822, -0.29577139019966125, -0.42519620060920715, -0.2435702532529831, -0.2598888576030731, -0.20875467360019684, -0.08651943504810333, -0.06367967277765274, -0.31696489453315735, -0.8367820978164673, -1.8277548551559448, -1.666778326034546, -1.9734971523284912, -0.6861283183097839]","['G', 'G', 'G', 'G', 'G', 'G', 'G', 'G', 'G', 'G', 'G', 'G', 'G', 'G', 'P', 'R']",-1.0522968769073486,,"['G', 'G', 'G', 'G', 'G', 'G', 'G', 'S', 'G', 'G', 'G', 'G', 'G', 'G', 'G', 'R']",no_group,"G, G, G, G, G, G, G, G, G, G, G, G, G, G, P, R",20170.844789318548
chunk_104,1150,chunk_104:1150,364.872517934463,3,1125,GGGGGGGGGGGGGGPR,-1.5994219779968262,,"['G', 'G', 'G', 'G', 'G', 'G', 'G', 'G', 'G', 'G', 'G', 'G', 'G', 'G', 'G', 'G', 'R']",-21.20076370239257,"[-0.25678732991218567, -0.12883898615837097, -0.13447518646717072, -0.22166454792022705, -0.29482313990592957, -0.4024088382720947, -0.2202034443616867, -0.22585126757621765, -0.1781553030014038, -0.07369869947433472, -0.05669540539383888, -0.2902475595474243, -0.8258063197135925, -1.842949390411377, -1.7311415672302246, -1.8367847204208374, -0.5230650901794434]",GGGGGGGGGGGGGGGGR,-21.20076370239257,"[-0.25678732991218567, -0.12883898615837097, -0.13447518646717072, -0.22166454792022705, -0.29482313990592957, -0.4024088382720947, -0.2202034443616867, -0.22585126757621765, -0.1781553030014038, -0.07369869947433472, -0.05669540539383888, -0.2902475595474243, -0.8258063197135925, -1.842949390411377, -1.7311415672302246, -1.8367847204208374, -0.5230650901794434]",SGGGGGGGGGGGGGGR,-21.8916130065918,"[-3.8104796409606934, -0.13447518646717072, -0.22166454792022705, -0.29482313990592957, -0.4024088382720947, -0.2202034443616867, -0.22585126757621765, -0.1781553030014038, -0.07369869947433472, -0.05669540539383888, -0.2902475595474243, -0.8258063197135925, -1.842949390411377, -1.7311415672302246, -1.8367847204208374, -0.5230650901794434]",LGGGGGGGGGGGGGGR,-22.482192993164062,"[-4.414971828460693, -0.13447518646717072, -0.22166454792022705, -0.29482313990592957, -0.4024088382720947, -0.2202034443616867, -0.22585126757621765, -0.1781553030014038, -0.07369869947433472, -0.05669540539383888, -0.2902475595474243, -0.8258063197135925, -1.842949390411377, -1.7311415672302246, -1.8367847204208374, -0.5230650901794434]",PGGGGGGGGGGGGGGR,-22.77096939086914,"[-3.2792296409606934, -0.13447518646717072, -0.22166454792022705, -0.29482313990592957, -0.4024088382720947, -0.2202034443616867, -0.22585126757621765, -0.1781553030014038, -0.07369869947433472, -0.05669540539383888, -0.2902475595474243, -0.8258063197135925, -1.842949390411377, -1.7311415672302246, -1.8367847204208374, -0.5230650901794434]",AGGGGGGGGGGGGGGR,-23.83244705200196,"[-5.313409328460693, -0.13447518646717072, -0.22166454792022705, -0.29482313990592957, -0.4024088382720947, -0.2202034443616867, -0.22585126757621765, -0.1781553030014038, -0.07369869947433472, -0.05669540539383888, -0.2902475595474243, -0.8258063197135925, -1.842949390411377, -1.7311415672302246, -1.8367847204208374, -0.5230650901794434]","['G', 'G', 'G', 'G', 'G', 'G', 'G', 'G', 'G', 'G', 'G', 'G', 'G', 'G', 'P', 'R']",-1.5994219779968262,,"['G', 'G', 'G', 'G', 'G', 'G', 'G', 'G', 'G', 'G', 'G', 'G', 'G', 'G', 'G', 'G', 'R']",no_group,"G, G, G, G, G, G, G, G, G, G, G, G, G, G, P, R",19301.174853243578
chunk_104,27749,chunk_104:27749,349.876839034873,3,27274,GGGGGGGGGGGGGGPR,-1.3931076526641846,,"['G', 'G', 'G', 'G', 'G', 'G', 'G', 'G', 'G', 'G', 'G', 'G', 'G', 'G', 'G', 'R']",-17.34344482421875,"[-0.11642514169216156, -0.12499850988388062, -0.21572263538837433, -0.2597966492176056, -0.36432337760925293, -0.19110184907913208, -0.21650919318199158, -0.16553126275539398, -0.0681363120675087, -0.052853699773550034, -0.2851223349571228, -0.7549627423286438, -1.832794189453125, -1.6136858463287354, -1.901998519897461, -0.40058934688568115]",GGGGGGGGGGGGGGGR,-17.34344482421875,"[-0.11642514169216156, -0.12499850988388062, -0.21572263538837433, -0.2597966492176056, -0.36432337760925293, -0.19110184907913208, -0.21650919318199158, -0.16553126275539398, -0.0681363120675087, -0.052853699773550034, -0.2851223349571228, -0.7549627423286438, -1.832794189453125, -1.6136858463287354, -1.901998519897461, -0.40058934688568115]",KGGGGGGGGGGGGGR,-17.437389373779297,"[-3.6191391944885254, -0.21572263538837433, -0.2597966492176056, -0.36432337760925293, -0.19110184907913208, -0.21650919318199158, -0.16553126275539398, -0.0681363120675087, -0.052853699773550034, -0.2851223349571228, -0.7549627423286438, -1.832794189453125, -1.6136858463287354, -1.901998519897461, -0.40058934688568115]",PGGGGGGGGGGGGGR,-21.51833724975586,"[-3.9140610694885254, -0.21572263538837433, -0.2597966492176056, -0.36432337760925293, -0.19110184907913208, -0.21650919318199158, -0.16553126275539398, -0.0681363120675087, -0.052853699773550034, -0.2851223349571228, -0.7549627423286438, -1.832794189453125, -1.6136858463287354, -1.901998519897461, -0.40058934688568115]",GGKGGGGGGGGGGGR,-22.534574508666992,"[-0.008841060101985931, -0.045822858810424805, -3.682648181915283, -0.36432337760925293, -0.19110184907913208, -0.21650919318199158, -0.16553126275539398, -0.0681363120675087, -0.052853699773550034, -0.2851223349571228, -0.7549627423286438, -1.832794189453125, -1.6136858463287354, -1.901998519897461, -0.40058934688568115]",AGGGGGGGGGGGGGGR,-23.631839752197266,"[-5.505585193634033, -0.12499850988388062, -0.21572263538837433, -0.2597966492176056, -0.36432337760925293, -0.19110184907913208, -0.21650919318199158, -0.16553126275539398, -0.0681363120675087, -0.052853699773550034, -0.2851223349571228, -0.7549627423286438, -1.832794189453125, -1.6136858463287354, -1.901998519897461, -0.40058934688568115]","['G', 'G', 'G', 'G', 'G', 'G', 'G', 'G', 'G', 'G', 'G', 'G', 'G', 'G', 'P', 'R']",-1.3931076526641846,,"['G', 'G', 'G', 'G', 'G', 'G', 'G', 'G', 'G', 'G', 'G', 'G', 'G', 'G', 'G', 'R']",no_group,"G, G, G, G, G, G, G, G, G, G, G, G, G, G, P, R",21775.55008445218
